{
  "stage_id": "codeforces_cots_preprocess_codeforces_cots_preprocess",
  "stage_name": "codeforces_cots_preprocess_codeforces_cots_preprocess",
  "start_time": 1768441679.8274837,
  "end_time": 1768441728.556455,
  "duration_seconds": 48.72897124290466,
  "tokens_processed": 47680,
  "gpu_energy_joules": 6028.468740846875,
  "gpu_avg_power_watts": 123.7142625235428,
  "gpu_peak_power_watts": 124.722,
  "gpu_power_samples": [
    82.222,
    106.579,
    124.305,
    124.483,
    124.586,
    124.587,
    124.613,
    124.655,
    124.622,
    124.234,
    123.908,
    123.996,
    124.027,
    123.976,
    123.971,
    124.077,
    124.085,
    124.024,
    124.01,
    124.051,
    124.057,
    124.049,
    124.071,
    124.051,
    123.97,
    123.958,
    123.996,
    124.133,
    124.135,
    123.981,
    124.037,
    124.105,
    124.102,
    124.087,
    124.134,
    124.137,
    124.112,
    124.066,
    124.053,
    124.073,
    124.041,
    124.087,
    124.113,
    124.096,
    124.092,
    124.071,
    124.074,
    124.085,
    124.092,
    124.073,
    124.021,
    124.148,
    124.231,
    124.058,
    123.974,
    124.04,
    124.085,
    124.043,
    123.964,
    123.996,
    124.033,
    124.031,
    124.061,
    124.019,
    123.907,
    123.961,
    124.014,
    123.959,
    123.961,
    123.987,
    124.159,
    124.492,
    124.692,
    124.722,
    124.701,
    124.655,
    124.628,
    124.558,
    124.167,
    123.965,
    124.009,
    123.962,
    123.963,
    123.899,
    123.892,
    123.879,
    123.886,
    123.935,
    123.928,
    123.965,
    123.965,
    123.896,
    123.794,
    123.904,
    124.023,
    124.008,
    123.995,
    123.991
  ],
  "codecarbon_energy_kwh": 0.002872763580403676,
  "codecarbon_emissions_kg": 0.0004884933375025823,
  "cpu_energy_joules": 0.0,
  "total_energy_joules": 6028.468740846875,
  "total_energy_kwh": 0.001674574650235243,
  "joules_per_token": 0.1264360054707818,
  "kwh_total": 0.001674574650235243,
  "tokens_per_second": 978.4733554567417,
  "nvml_poll_interval_ms": 500
}
