{
  "stage_id": "kd_olmo2_32b_to_1b_alpha08",
  "stage_name": "kd_olmo2_32b_to_1b_alpha08",
  "start_time": 1769561713.7501254,
  "end_time": 1769562037.6489136,
  "duration_seconds": 323.89878821372986,
  "tokens_processed": 285205,
  "gpu_energy_joules": 72787.83831701968,
  "gpu_avg_power_watts": 224.7240217181345,
  "gpu_peak_power_watts": 367.343,
  "gpu_power_samples": [
    130.088,
    130.196,
    154.465,
    240.94,
    284.811,
    289.595,
    334.269,
    291.873,
    287.077,
    304.277,
    300.027,
    292.541,
    327.566,
    321.672,
    299.101,
    306.71,
    323.711,
    310.955,
    285.354,
    309.005,
    287.337,
    295.045,
    292.956,
    294.055,
    287.22,
    321.544,
    367.343,
    310.429,
    286.744,
    286.794,
    284.938,
    297.932,
    328.032,
    281.093,
    283.619,
    329.807,
    323.847,
    278.859,
    283.395,
    286.452,
    304.117,
    294.801,
    283.159,
    322.317,
    314.616,
    295.9,
    304.633,
    311.43,
    306.4,
    351.113,
    304.434,
    303.68,
    328.776,
    311.877,
    312.828,
    298.365,
    292.162,
    293.709,
    308.419,
    288.439,
    306.529,
    294.469,
    300.756,
    346.859,
    315.615,
    305.706,
    299.554,
    325.208,
    323.367,
    291.084,
    319.048,
    326.032,
    294.187,
    284.58,
    304.17,
    287.516,
    303.248,
    338.267,
    355.136,
    302.962,
    281.113,
    306.182,
    232.749,
    197.269,
    195.541,
    199.04,
    196.291,
    189.281,
    197.489,
    199.101,
    197.706,
    197.055,
    194.168,
    194.86,
    197.121,
    202.654,
    198.336,
    196.195,
    200.301,
    204.392,
    203.442,
    201.268,
    203.121,
    184.372,
    183.343,
    201.542,
    200.819,
    202.501,
    198.179,
    198.542,
    198.41,
    196.622,
    196.136,
    196.51,
    193.738,
    197.565,
    199.189,
    199.296,
    203.734,
    200.044,
    198.177,
    198.216,
    198.169,
    201.823,
    199.938,
    203.078,
    201.142,
    198.154,
    193.242,
    196.249,
    201.81,
    198.58,
    198.97,
    200.315,
    201.124,
    197.684,
    199.395,
    201.643,
    203.358,
    202.175,
    200.209,
    200.076,
    197.444,
    201.227,
    202.189,
    197.016,
    193.967,
    196.328,
    198.385,
    197.536,
    200.695,
    199.81,
    196.601,
    201.311,
    196.009,
    197.423,
    198.441,
    195.766,
    202.358,
    198.828,
    194.767,
    188.31,
    186.511,
    195.748,
    195.894,
    200.704,
    198.223,
    191.477,
    195.524,
    196.764,
    198.634,
    199.483,
    200.731,
    200.992,
    200.311,
    199.492,
    196.523,
    196.366,
    201.699,
    201.68,
    203.795,
    198.976,
    203.093,
    202.954,
    198.705,
    200.087,
    202.996,
    203.865,
    203.119,
    199.247,
    199.768,
    200.75,
    196.907,
    201.759,
    203.115,
    196.905,
    195.718,
    201.661,
    197.986,
    195.015,
    201.641,
    197.306,
    193.858,
    195.109,
    199.601,
    199.45,
    200.709,
    199.487,
    195.701,
    199.116,
    193.459,
    195.173,
    197.229,
    192.275,
    192.332,
    206.884,
    198.081,
    197.788,
    201.849,
    203.86,
    201.775,
    197.673,
    194.228,
    190.961,
    195.365,
    199.504,
    197.881,
    192.398,
    191.615,
    196.098,
    200.624,
    199.677,
    196.788,
    193.694,
    193.3,
    200.601,
    196.455,
    202.37,
    201.371,
    194.864,
    200.849,
    199.409,
    195.98,
    200.311,
    201.857,
    195.494,
    194.684,
    189.872,
    191.401,
    196.372,
    199.809,
    197.382,
    196.578,
    198.809,
    199.045,
    195.189,
    191.448,
    193.867,
    187.909,
    190.978,
    191.969,
    192.717,
    198.084,
    201.714,
    200.881,
    199.013,
    193.156,
    195.927,
    192.447,
    193.178,
    178.548,
    175.489,
    200.589,
    202.708,
    197.907,
    195.139,
    195.122,
    200.385,
    198.194,
    200.286,
    196.775,
    197.161,
    201.514,
    192.039,
    189.503,
    196.024,
    196.479,
    203.069,
    195.861,
    194.035,
    199.844,
    195.136,
    195.251,
    197.714,
    193.948,
    196.023,
    202.645,
    197.475,
    197.711,
    196.954,
    202.471,
    238.784,
    279.238,
    277.027,
    301.699,
    299.345,
    305.141,
    301.723,
    290.224,
    289.421,
    306.603,
    354.439,
    318.275,
    290.904,
    289.235,
    281.087,
    300.747,
    332.195,
    335.91,
    290.451,
    288.165,
    295.036,
    289.303,
    286.956,
    304.477,
    317.014,
    307.494,
    279.636,
    311.118,
    292.557,
    297.516,
    329.277,
    293.002,
    288.624,
    280.817,
    275.312,
    337.023,
    304.396,
    283.185,
    294.801,
    303.33,
    304.218,
    283.317,
    286.088,
    296.615,
    288.172,
    282.482,
    313.717,
    302.803,
    290.488,
    324.291,
    316.061,
    291.799,
    290.609,
    318.752,
    288.077,
    304.394,
    290.86,
    285.419,
    329.934,
    316.057,
    298.514,
    305.7,
    315.491,
    318.433,
    275.93,
    277.724,
    276.346,
    290.911,
    297.339,
    306.35,
    316.728,
    282.838,
    279.5,
    306.211,
    342.301,
    311.816,
    278.138,
    286.961,
    277.394,
    310.527,
    326.622,
    293.879,
    239.115,
    194.236,
    199.815,
    200.164,
    200.407,
    199.313,
    195.843,
    199.325,
    199.611,
    195.128,
    198.31,
    199.451,
    195.285,
    201.957,
    202.909,
    188.094,
    189.698,
    191.814,
    196.904,
    199.62,
    193.783,
    193.791,
    197.389,
    198.602,
    198.416,
    196.675,
    195.299,
    200.912,
    202.153,
    194.01,
    194.475,
    201.235,
    197.398,
    199.245,
    198.017,
    198.308,
    202.02,
    202.388,
    205.059,
    198.976,
    190.932,
    190.107,
    198.545,
    195.745,
    198.769,
    199.634,
    196.574,
    199.628,
    201.48,
    203.668,
    199.904,
    201.22,
    201.355,
    198.972,
    204.104,
    204.298,
    195.504,
    193.808,
    198.286,
    196.183,
    198.744,
    199.169,
    200.059,
    201.662,
    199.476,
    199.03,
    199.754,
    199.043,
    203.403,
    201.57,
    191.031,
    185.991,
    188.826,
    195.944,
    195.708,
    192.78,
    195.473,
    195.884,
    196.897,
    198.729,
    198.689,
    198.883,
    198.248,
    197.361,
    198.945,
    190.472,
    191.525,
    195.833,
    196.782,
    195.944,
    194.627,
    201.022,
    198.777,
    196.904,
    199.347,
    197.556,
    201.946,
    189.65,
    183.902,
    191.621,
    195.662,
    196.112,
    195.37,
    194.476,
    197.176,
    195.051,
    203.25,
    198.426,
    197.65,
    196.449,
    196.695,
    199.549,
    194.201,
    191.679,
    201.215,
    203.136,
    190.152,
    190.559,
    191.685,
    194.95,
    195.25,
    196.771,
    196.098,
    195.169,
    193.475,
    190.428,
    189.725,
    194.887,
    196.442,
    191.802,
    196.66,
    194.996,
    196.66,
    191.923,
    198.135,
    201.065,
    198.722,
    196.193,
    199.335,
    198.753,
    200.215,
    196.877,
    196.758,
    200.046,
    198.226,
    200.104,
    200.734,
    196.542,
    196.778,
    190.561,
    196.584,
    196.611,
    198.689,
    196.067,
    189.183,
    192.262,
    193.165,
    193.889,
    196.041,
    191.09,
    181.841,
    186.827,
    194.539,
    197.559,
    196.219,
    200.258,
    199.672,
    197.253,
    199.006,
    194.64,
    195.548,
    202.538,
    196.124,
    194.0,
    200.032,
    195.505,
    197.444,
    200.95,
    196.951,
    194.792,
    198.131,
    198.369,
    197.713,
    196.499,
    195.888,
    196.326,
    199.11,
    202.214,
    200.906,
    198.669,
    197.108,
    201.7,
    200.152,
    201.275,
    199.755,
    199.161,
    200.315,
    197.469,
    196.781,
    200.59,
    204.173,
    194.813,
    192.946,
    200.472,
    199.389,
    193.791,
    199.37,
    196.088,
