{
  "stage_id": "synthetic_math",
  "stage_name": "synthetic_math",
  "start_time": 1768772765.1399198,
  "end_time": 1768772774.442617,
  "duration_seconds": 9.30269718170166,
  "tokens_processed": 7999,
  "gpu_energy_joules": 1089.4866698676349,
  "gpu_avg_power_watts": 117.11513860847234,
  "gpu_peak_power_watts": 119.591,
  "gpu_power_samples": [
    78.089,
    101.425,
    118.786,
    118.875,
    119.019,
    118.927,
    119.169,
    119.297,
    119.398,
    119.281,
    119.031,
    119.12,
    119.11,
    119.249,
    119.266,
    119.452,
    119.591,
    119.363,
    119.097
  ],
  "total_codecarbon_energy_kwh": 0.00036679651218861863,
  "codecarbon_emissions_kg": 6.237117932208927e-05,
  "codecarbon_cpu_energy_kwh": 8.629243254382164e-06,
  "codecarbon_gpu_energy_kwh": 0.0003304294310169098,
  "codecarbon_ram_energy_kwh": 2.773783791732664e-05,
  "cpu_energy_joules": 31.06527571577579,
  "total_energy_joules": 1120.5519455834108,
  "total_energy_kwh": 0.0003112644293287252,
  "joules_per_token": 0.1400865040109277,
  "kwh_total": 0.0003112644293287252,
  "tokens_per_second": 859.8581512181195,
  "nvml_poll_interval_ms": 500
}
