{
  "stage_id": "openr1_math_preprocess_dataset_openr1_math_preprocess_dataset",
  "stage_name": "openr1_math_preprocess_dataset_openr1_math_preprocess_dataset",
  "start_time": 1768599669.3817234,
  "end_time": 1768599747.1860647,
  "duration_seconds": 77.80434131622314,
  "tokens_processed": 8000,
  "gpu_energy_joules": 8130.251135823133,
  "gpu_avg_power_watts": 104.49611163442724,
  "gpu_peak_power_watts": 106.112,
  "gpu_power_samples": [
    73.942,
    83.356,
    88.353,
    88.353,
    103.563,
    103.563,
    103.586,
    103.586,
    103.585,
    103.707,
    103.707,
    103.829,
    103.829,
    103.829,
    103.829,
    103.829,
    103.829,
    103.829,
    103.829,
    103.95,
    103.95,
    104.072,
    104.072,
    104.072,
    104.072,
    104.071,
    104.071,
    104.072,
    104.072,
    104.072,
    104.193,
    104.193,
    104.315,
    104.315,
    104.315,
    104.315,
    104.315,
    104.315,
    104.315,
    104.315,
    104.315,
    104.315,
    104.402,
    104.402,
    104.486,
    104.486,
    104.52,
    104.52,
    104.556,
    104.556,
    104.557,
    104.557,
    104.557,
    104.557,
    104.557,
    104.557,
    104.678,
    104.678,
    104.8,
    104.8,
    104.8,
    104.8,
    104.799,
    104.799,
    104.8,
    104.8,
    104.8,
    104.8,
    104.8,
    104.8,
    104.8,
    104.8,
    104.921,
    104.921,
    105.043,
    105.043,
    105.043,
    105.043,
    105.091,
    105.091,
    105.091,
    105.091,
    105.042,
    105.042,
    105.043,
    105.043,
    105.043,
    105.043,
    105.213,
    105.213,
    105.334,
    105.334,
    105.334,
    105.334,
    105.383,
    105.383,
    105.383,
    105.383,
    105.334,
    105.334,
    105.334,
    105.334,
    105.47,
    105.47,
    105.557,
    105.557,
    105.591,
    105.626,
    105.626,
    105.626,
    105.626,
    105.626,
    105.626,
    105.626,
    105.626,
    105.626,
    105.626,
    105.625,
    105.625,
    105.625,
    105.625,
    105.625,
    105.625,
    105.625,
    105.625,
    105.747,
    105.747,
    105.869,
    105.869,
    105.869,
    105.869,
    105.869,
    105.869,
    105.869,
    105.869,
    105.869,
    105.869,
    105.869,
    105.869,
    105.869,
    105.869,
    105.869,
    105.869,
    105.868,
    105.868,
    105.869,
    105.869,
    105.99,
    105.99,
    106.112,
    106.112,
    106.112,
    106.112
  ],
  "codecarbon_energy_kwh": 0.003956843473052592,
  "codecarbon_emissions_kg": 0.0006728335346882819,
  "cpu_energy_joules": 0.0,
  "total_energy_joules": 8130.251135823133,
  "total_energy_kwh": 0.0022584030932842037,
  "joules_per_token": 1.0162813919778917,
  "kwh_total": 0.0022584030932842037,
  "tokens_per_second": 102.82202592635925,
  "nvml_poll_interval_ms": 500
}
