{
  "stage_id": "tulu_preprocess_dataset",
  "stage_name": "tulu_preprocess_dataset",
  "start_time": 1767890895.908186,
  "end_time": 1767891001.5319417,
  "duration_seconds": 105.62375569343567,
  "tokens_processed": 194769,
  "gpu_energy_joules": 23001.93224100996,
  "gpu_avg_power_watts": 217.77233814494525,
  "gpu_peak_power_watts": 320.473,
  "gpu_power_samples": [
    176.361,
    203.808,
    218.31900000000002,
    218.31900000000002,
    218.41899999999998,
    218.41899999999998,
    218.34799999999998,
    218.34799999999998,
    218.34799999999998,
    218.34799999999998,
    218.22400000000002,
    218.22400000000002,
    217.895,
    217.895,
    217.663,
    217.663,
    217.47500000000002,
    217.47500000000002,
    217.39,
    217.39,
    217.33499999999998,
    217.33499999999998,
    217.08300000000003,
    217.08300000000003,
    216.878,
    216.878,
    216.677,
    216.677,
    216.45200000000003,
    216.45200000000003,
    216.372,
    216.372,
    216.249,
    216.249,
    216.00599999999997,
    216.00599999999997,
    215.871,
    215.871,
    215.593,
    215.593,
    215.351,
    215.351,
    215.352,
    215.352,
    215.241,
    215.241,
    215.151,
    215.151,
    214.986,
    214.986,
    214.832,
    214.832,
    256.67999999999995,
    256.67999999999995,
    320.473,
    320.473,
    280.361,
    280.361,
    216.47899999999998,
    216.47899999999998,
    214.439,
    214.439,
    214.228,
    214.228,
    214.23199999999997,
    214.23199999999997,
    214.151,
    214.151,
    214.063,
    214.063,
    213.94099999999997,
    213.94099999999997,
    213.698,
    213.698,
    213.576,
    213.576,
    213.42000000000002,
    213.42000000000002,
    213.266,
    213.266,
    213.179,
    213.179,
    213.17399999999998,
    213.17399999999998,
    213.262,
    213.262,
    213.144,
    213.144,
    213.055,
    213.055,
    213.02100000000002,
    213.02100000000002,
    212.708,
    212.708,
    212.414,
    212.414,
    212.377,
    212.377,
    212.42399999999998,
    212.42399999999998,
    212.34099999999998,
    212.34099999999998,
    212.381,
    212.381,
    212.503,
    212.503,
    212.425,
    212.425,
    212.28699999999998,
    212.28699999999998,
    212.70899999999997,
    234.749,
    254.10500000000002,
    276.055,
    298.014,
    276.256,
    257.874,
    214.038,
    213.88,
    212.336,
    212.336,
    212.10399999999998,
    212.10399999999998,
    212.067,
    212.067,
    212.028,
    212.028,
    211.803,
    211.803,
    211.603,
    211.603,
    211.72400000000002,
    211.72400000000002,
    211.692,
    211.692,
    211.569,
    211.569,
    211.57,
    211.57,
    211.481,
    211.481,
    211.36,
    211.36,
    211.248,
    211.248,
    211.26299999999998,
    211.26299999999998,
    211.321,
    211.321,
    211.409,
    211.409,
    211.11599999999999,
    211.11599999999999,
    210.82399999999998,
    210.82399999999998,
    210.87099999999998,
    210.87099999999998,
    210.921,
    210.921,
    210.922,
    210.922,
    210.679,
    210.679,
    210.67800000000003,
    210.67800000000003,
    210.63,
    210.63,
    210.63,
    210.63,
    210.87300000000002,
    210.87300000000002,
    233.523,
    233.523,
    277.193,
    277.193,
    255.95000000000002,
    255.95000000000002,
    212.09,
    212.09,
    210.68,
    210.68,
    210.387,
    210.387,
    210.21599999999998,
    210.21599999999998,
    210.095,
    210.095,
    210.095,
    210.095,
    210.143,
    210.143,
    210.023,
    210.023,
    209.97299999999998,
    209.97299999999998,
    209.97299999999998,
    209.97299999999998,
    209.85199999999998,
    209.85199999999998,
    209.684,
    209.684,
    209.649,
    209.649,
    209.57399999999998,
    209.57399999999998,
    209.48899999999998,
    209.48899999999998,
    209.60999999999999,
    209.60999999999999,
    209.60999999999999
  ],
  "codecarbon_energy_kwh": 0.0107474276320106,
  "codecarbon_emissions_kg": 0.0018275248368299784,
  "cpu_energy_joules": 0.0,
  "total_energy_joules": 23001.93224100996,
  "total_energy_kwh": 0.006389425622502766,
  "joules_per_token": 0.11809852821039261,
  "kwh_total": 0.006389425622502766,
  "tokens_per_second": 1843.9885868601484,
  "nvml_poll_interval_ms": 500
}
