{
  "stage_id": "synthetic_tulu",
  "stage_name": "synthetic_tulu",
  "start_time": 1768772598.574982,
  "end_time": 1768772598.5834463,
  "duration_seconds": 0.008464336395263672,
  "tokens_processed": 0,
  "gpu_energy_joules": 0.646658371925354,
  "gpu_avg_power_watts": 76.398,
  "gpu_peak_power_watts": 76.398,
  "gpu_power_samples": [
    76.398
  ],
  "total_codecarbon_energy_kwh": 2.382006836229872e-05,
  "codecarbon_emissions_kg": 4.0504358845303616e-06,
  "codecarbon_cpu_energy_kwh": 0.0,
  "codecarbon_gpu_energy_kwh": 2.1927239743035898e-05,
  "codecarbon_ram_energy_kwh": 1.8928286192628244e-06,
  "cpu_energy_joules": 0.0,
  "total_energy_joules": 0.646658371925354,
  "total_energy_kwh": 1.7962732553482056e-07,
  "joules_per_token": 0.0,
  "kwh_total": 1.7962732553482056e-07,
  "tokens_per_second": 0.0,
  "nvml_poll_interval_ms": 500
}
