{
  "stage_id": "kd_olmo2_32b_to_13b_nosft",
  "stage_name": "kd_olmo2_32b_to_13b_nosft",
  "start_time": 1769398804.7172217,
  "end_time": 1769399564.9696689,
  "duration_seconds": 760.2524471282959,
  "tokens_processed": 285205,
  "gpu_energy_joules": 356718.3718619144,
  "gpu_avg_power_watts": 469.21042241869515,
  "gpu_peak_power_watts": 711.404,
  "gpu_power_samples": [
    122.611,
    122.686,
    287.767,
    532.049,
    596.787,
    532.228,
    581.171,
    574.924,
    526.291,
    648.871,
    535.6,
    523.975,
    669.328,
    554.61,
    558.979,
    695.951,
    557.703,
    565.269,
    612.581,
    546.349,
    624.885,
    556.474,
    559.686,
    684.57,
    555.989,
    560.011,
    601.668,
    553.468,
    625.008,
    547.944,
    563.343,
    693.787,
    572.6,
    580.365,
    622.603,
    558.113,
    643.524,
    570.671,
    550.962,
    684.576,
    563.362,
    563.283,
    587.101,
    566.134,
    670.303,
    598.931,
    455.441,
    468.799,
    628.493,
    569.851,
    554.539,
    703.319,
    559.212,
    559.629,
    625.92,
    561.557,
    636.502,
    559.2,
    561.453,
    688.88,
    555.058,
    559.178,
    641.726,
    551.841,
    598.453,
    569.83,
    562.454,
    693.611,
    563.872,
    571.023,
    631.984,
    512.349,
    581.928,
    620.264,
    558.198,
    621.506,
    554.894,
    562.136,
    681.692,
    557.644,
    573.646,
    606.985,
    557.435,
    648.643,
    551.228,
    533.14,
    672.559,
    560.976,
    562.597,
    701.961,
    595.498,
    423.836,
    528.024,
    711.404,
    582.382,
    570.474,
    637.039,
    561.311,
    625.206,
    580.649,
    545.234,
    674.144,
    543.563,
    546.771,
    619.398,
    557.114,
    632.557,
    571.841,
    553.452,
    681.569,
    566.702,
    567.212,
    602.536,
    540.814,
    629.977,
    561.454,
    555.289,
    691.105,
    569.101,
    565.297,
    637.255,
    559.123,
    608.732,
    562.429,
    554.593,
    682.778,
    553.113,
    570.037,
    636.129,
    560.94,
    627.415,
    565.71,
    550.696,
    685.617,
    612.751,
    429.171,
    506.548,
    680.737,
    547.645,
    566.764,
    640.845,
    523.653,
    594.149,
    619.125,
    535.054,
    608.778,
    513.853,
    419.11,
    589.403,
    591.629,
    522.528,
    634.311,
    572.815,
    529.206,
    642.692,
    517.383,
    532.106,
    696.026,
    521.827,
    529.638,
    702.132,
    535.884,
    550.51,
    592.973,
    558.606,
    666.103,
    551.864,
    545.722,
    688.029,
    547.925,
    555.341,
    700.544,
    524.082,
    532.995,
    631.301,
    535.856,
    599.495,
    590.06,
    523.115,
    629.349,
    633.865,
    479.677,
    466.923,
    637.848,
    586.127,
    550.225,
    654.375,
    558.486,
    565.395,
    627.44,
    559.096,
    632.294,
    571.264,
    559.817,
    671.835,
    553.726,
    578.746,
    604.157,
    555.343,
    640.965,
    556.44,
    559.631,
    697.387,
    558.508,
    568.198,
    696.967,
    552.851,
    544.925,
    575.934,
    552.381,
    613.362,
    590.609,
    549.746,
    662.783,
    555.458,
    552.647,
    700.557,
    543.286,
    559.275,
    599.108,
    529.507,
    627.913,
    564.332,
    552.749,
    689.719,
    612.075,
    436.371,
    468.622,
    635.977,
    538.604,
    570.452,
    700.747,
    565.945,
    569.861,
    588.185,
    544.04,
    644.711,
    557.952,
    553.168,
    645.206,
    464.715,
    406.318,
    647.855,
    548.885,
    533.177,
    676.574,
    517.666,
    528.25,
    696.069,
    523.764,
    521.404,
    696.003,
    526.696,
    535.852,
    641.468,
    533.305,
    586.756,
    604.573,
    530.63,
    621.249,
    568.272,
    526.91,
    650.205,
    534.918,
    532.523,
    677.004,
    558.138,
    570.919,
    608.225,
    561.046,
    646.847,
    632.692,
    474.566,
    480.708,
    644.265,
    553.728,
    555.379,
    695.34,
    552.389,
    548.979,
    584.491,
    555.579,
    655.223,
    609.778,
    469.608,
    422.268,
    429.105,
    414.6,
    430.908,
    439.616,
    431.953,
    436.61,
    438.908,
    428.217,
    419.863,
    431.919,
    420.988,
    424.008,
    428.229,
    427.651,
    431.273,
    434.01,
    430.208,
    437.756,
    433.915,
    436.722,
    423.84,
    447.114,
    433.744,
    426.987,
    431.87,
    434.737,
    419.664,
    414.337,
    420.818,
    437.359,
    430.5,
    422.351,
    418.848,
    420.352,
    419.135,
    415.861,
    422.09,
    432.279,
    427.143,
    425.727,
    422.213,
    432.129,
    421.339,
    433.171,
    423.411,
    445.449,
    437.384,
    424.553,
    431.017,
    428.01,
    446.011,
    441.198,
    364.642,
    367.878,
    430.649,
    444.885,
    440.531,
    416.655,
    432.135,
    433.286,
    424.541,
    447.501,
    432.455,
    417.033,
    414.275,
    411.067,
    417.221,
    432.623,
    413.867,
    418.245,
    423.876,
    388.056,
    372.456,
    393.033,
    406.489,
    404.145,
    424.855,
    432.454,
    423.544,
    418.81,
    408.291,
    416.526,
    433.607,
    430.76,
    417.385,
    420.371,
    407.462,
    417.926,
    434.094,
    440.72,
    445.304,
    428.062,
    422.554,
    421.128,
    419.756,
    423.352,
    438.136,
    433.728,
    435.334,
    415.399,
    435.681,
    426.079,
    417.536,
    432.045,
    418.42,
    432.993,
    438.211,
    440.276,
    441.532,
    421.188,
    416.612,
    418.757,
    415.824,
    419.804,
    430.62,
    423.143,
    430.137,
    421.75,
    433.2,
    430.162,
    442.135,
    423.545,
    422.872,
    438.385,
    420.625,
    430.636,
    439.398,
    433.227,
    447.85,
    425.728,
    429.12,
    436.783,
    430.188,
    424.926,
    430.409,
    434.566,
    434.786,
    421.185,
    427.681,
    414.913,
    436.282,
    432.263,
    423.587,
    414.225,
    432.267,
    424.648,
    410.51,
    424.117,
    426.397,
    421.379,
    414.874,
    432.967,
    438.998,
    435.94,
    442.749,
    418.337,
    418.686,
    423.091,
    424.221,
    431.946,
    438.471,
    437.902,
    446.366,
    384.828,
    402.082,
    419.18,
    429.104,
    437.582,
    429.742,
    439.682,
    429.352,
    430.085,
    420.582,
    422.451,
    421.351,
    413.422,
    419.127,
    418.648,
    423.56,
    423.622,
    429.936,
    447.757,
    420.287,
    433.661,
    416.096,
    412.729,
    421.398,
    427.138,
    428.204,
    427.539,
    439.613,
    426.761,
    433.557,
    417.642,
    437.007,
    434.198,
    452.448,
    446.934,
    444.48,
    443.296,
    430.681,
    435.4,
    429.057,
    432.47,
    423.533,
    428.477,
    428.166,
    421.289,
    441.464,
    443.892,
    442.102,
    438.977,
    432.257,
    429.402,
    420.867,
    414.461,
    424.47,
    441.207,
    454.282,
    428.97,
    440.078,
    438.899,
    422.284,
    439.004,
    425.554,
    435.56,
    412.883,
    431.445,
    433.037,
    431.66,
    434.753,
    432.124,
    417.097,
    425.232,
    429.424,
    423.87,
    431.421,
    421.8,
    423.033,
    424.373,
    416.72,
    424.193,
    420.505,
    430.765,
    419.312,
    434.918,
    430.318,
    440.016,
    430.007,
    419.488,
    426.317,
    423.194,
    426.809,
    410.902,
    420.551,
    436.477,
    426.028,
    439.822,
    438.055,
    439.81,
    447.345,
    424.527,
    450.611,
    431.713,
    427.991,
    444.376,
    429.207,
    418.979,
    445.869,
    432.618,
    429.966,
    441.757,
    436.322,
    385.08,
    399.797,
    437.214,
    445.786,
    424.487,
    447.256,
    437.888,
    424.253,
    426.589,
    432.6,
    443.892,
    422.876,
    425.483,
    436.424,
    435.611,
    443.706,
    445.893,
    433.86,
    425.285,
    431.088,
    433.343,
    423.282,
    413.434,
    415.632,
    413.797,
    418.479,
    421.048,
    420.335,
    420.089,
    424.029,
    424.35,
    416.713,
