{
  "stage_id": "synthetic_codeforces",
  "stage_name": "synthetic_codeforces",
  "start_time": 1768773202.1756558,
  "end_time": 1768773242.983186,
  "duration_seconds": 40.80753016471863,
  "tokens_processed": 41375,
  "gpu_energy_joules": 5008.924364823816,
  "gpu_avg_power_watts": 122.74509985302741,
  "gpu_peak_power_watts": 123.826,
  "gpu_power_samples": [
    77.779,
    103.513,
    123.3,
    123.157,
    123.286,
    123.245,
    123.304,
    123.559,
    123.694,
    123.652,
    123.513,
    123.533,
    123.6,
    123.642,
    123.628,
    123.604,
    123.665,
    123.634,
    123.556,
    123.59,
    123.511,
    123.486,
    123.555,
    123.597,
    123.635,
    123.671,
    123.78,
    123.826,
    123.819,
    123.783,
    123.621,
    123.473,
    123.646,
    123.742,
    123.654,
    123.6,
    123.699,
    123.787,
    123.749,
    123.793,
    123.717,
    123.525,
    123.531,
    123.542,
    123.609,
    123.57,
    123.533,
    123.638,
    123.618,
    123.632,
    123.171,
    122.663,
    122.606,
    122.621,
    122.753,
    122.859,
    122.729,
    122.71,
    122.633,
    122.677,
    122.902,
    122.803,
    122.791,
    122.867,
    122.873,
    122.812,
    122.741,
    122.807,
    122.849,
    122.819,
    122.743,
    122.733,
    122.759,
    122.772,
    122.779,
    122.825,
    122.882,
    122.737,
    122.654,
    122.71,
    122.757,
    122.849
  ],
  "total_codecarbon_energy_kwh": 0.0015796732370079068,
  "codecarbon_emissions_kg": 0.00026861237624053547,
  "codecarbon_cpu_energy_kwh": 4.733324224719885e-06,
  "codecarbon_gpu_energy_kwh": 0.0014194300244412261,
  "codecarbon_ram_energy_kwh": 0.0001555098883419608,
  "cpu_energy_joules": 17.039967208991584,
  "total_energy_joules": 5025.964332032808,
  "total_energy_kwh": 0.0013961012033424467,
  "joules_per_token": 0.12147345817601952,
  "kwh_total": 0.0013961012033424467,
  "tokens_per_second": 1013.9060078615587,
  "nvml_poll_interval_ms": 500
}
