{
  "stage_id": "kd_olmo2_32b_to_1b_nosft",
  "stage_name": "kd_olmo2_32b_to_1b_nosft",
  "start_time": 1769391942.3719068,
  "end_time": 1769392270.6107097,
  "duration_seconds": 328.2388029098511,
  "tokens_processed": 285205,
  "gpu_energy_joules": 71581.59775308444,
  "gpu_avg_power_watts": 218.07780530062414,
  "gpu_peak_power_watts": 349.955,
  "gpu_power_samples": [
    125.314,
    125.385,
    146.315,
    198.503,
    251.851,
    280.852,
    273.432,
    279.732,
    290.524,
    287.224,
    280.31,
    279.829,
    273.645,
    268.496,
    256.921,
    234.648,
    270.263,
    287.747,
    244.026,
    234.812,
    278.679,
    284.757,
    278.476,
    272.339,
    272.524,
    276.466,
    274.808,
    276.004,
    278.235,
    280.91,
    295.722,
    296.65,
    291.779,
    247.611,
    271.328,
    298.319,
    277.766,
    281.82,
    292.666,
    294.355,
    300.276,
    280.826,
    296.864,
    298.224,
    293.445,
    272.85,
    272.798,
    279.493,
    281.459,
    291.246,
    220.111,
    246.674,
    338.042,
    308.968,
    249.314,
    250.085,
    277.682,
    271.061,
    279.608,
    276.489,
    280.391,
    276.707,
    273.792,
    277.165,
    276.844,
    300.231,
    296.447,
    276.324,
    263.745,
    281.557,
    277.26,
    271.518,
    278.27,
    284.515,
    284.661,
    275.522,
    283.52,
    277.86,
    278.703,
    280.195,
    300.112,
    289.588,
    271.624,
    281.593,
    285.746,
    281.158,
    264.756,
    279.757,
    285.73,
    283.537,
    273.658,
    273.712,
    278.498,
    286.713,
    294.929,
    311.395,
    314.04,
    280.665,
    278.227,
    290.876,
    244.986,
    194.015,
    197.923,
    195.443,
    198.377,
    194.403,
    191.781,
    193.663,
    191.913,
    194.098,
    182.968,
    183.291,
    193.79,
    194.227,
    195.308,
    194.212,
    190.725,
    194.098,
    190.1,
    189.46,
    190.09,
    196.059,
    195.078,
    193.963,
    190.77,
    188.811,
    189.414,
    195.713,
    195.459,
    192.059,
    194.145,
    197.021,
    192.44,
    192.553,
    190.375,
    195.67,
    194.68,
    197.094,
    192.763,
    190.518,
    194.089,
    193.891,
    192.129,
    192.843,
    189.076,
    186.797,
    193.811,
    193.97,
    191.201,
    190.463,
    191.903,
    193.188,
    193.256,
    196.49,
    193.491,
    190.746,
    191.488,
    191.294,
    190.735,
    194.955,
    192.507,
    191.503,
    193.449,
    193.491,
    190.76,
    195.353,
    192.817,
    186.722,
    184.977,
    191.92,
    191.586,
    194.12,
    192.39,
    190.259,
    191.11,
    193.488,
    193.532,
    194.389,
    190.822,
    192.594,
    192.902,
    191.807,
    194.091,
    194.13,
    192.527,
    188.805,
    187.606,
    194.411,
    194.242,
    195.198,
    192.203,
    191.706,
    192.702,
    195.832,
    193.783,
    190.453,
    191.912,
    192.875,
    191.525,
    195.451,
    192.667,
    185.639,
    195.644,
    193.063,
    192.957,
    192.574,
    192.154,
    193.377,
    193.886,
    192.586,
    192.74,
    190.771,
    192.912,
    195.092,
    193.387,
    191.292,
    189.122,
    189.675,
    186.558,
    193.139,
    192.151,
    188.709,
    193.939,
    196.211,
    194.212,
    188.739,
    190.969,
    189.239,
    183.777,
    190.509,
    194.478,
    189.792,
    184.573,
    189.952,
    186.298,
    187.026,
    189.332,
    188.375,
    182.404,
    182.17,
    181.886,
    184.872,
    192.996,
    178.529,
    179.931,
    185.687,
    184.8,
    182.821,
    181.954,
    187.55,
    187.684,
    188.574,
    188.119,
    180.142,
    184.995,
    187.232,
    188.583,
    190.17,
    193.757,
    191.814,
    184.157,
    179.588,
    187.134,
    190.439,
    188.808,
    187.521,
    190.923,
    190.102,
    188.198,
    190.898,
    191.014,
    190.42,
    191.95,
    192.216,
    192.655,
    188.193,
    191.272,
    189.53,
    185.422,
    191.079,
    194.763,
    198.306,
    195.877,
    189.355,
    190.503,
    191.963,
    190.043,
    192.89,
    185.505,
    183.881,
    193.272,
    194.77,
    181.556,
    178.966,
    192.969,
    193.912,
    192.894,
    189.092,
    189.078,
    184.233,
    188.447,
    194.573,
    195.571,
    193.16,
    192.419,
    196.732,
    195.26,
    193.252,
    193.039,
    193.502,
    190.127,
    195.253,
    191.152,
    194.215,
    191.477,
    192.49,
    186.516,
    183.222,
    178.088,
    229.1,
    293.757,
    275.83,
    294.742,
    290.46,
    281.114,
    312.529,
    326.003,
    301.826,
    298.013,
    287.365,
    303.599,
    276.191,
    297.354,
    330.549,
    300.349,
    279.167,
    292.033,
    288.721,
    284.477,
    316.783,
    338.312,
    299.399,
    283.821,
    310.685,
    301.249,
    284.358,
    285.373,
    285.099,
    282.521,
    307.3,
    273.756,
    302.341,
    349.955,
    294.907,
    280.188,
    283.872,
    308.623,
    322.725,
    305.553,
    278.953,
    278.721,
    281.457,
    286.873,
    303.653,
    304.006,
    302.443,
    333.713,
    304.388,
    282.378,
    281.61,
    305.99,
    281.533,
    279.649,
    292.002,
    280.564,
    284.959,
    322.045,
    314.842,
    281.951,
    304.556,
    317.302,
    286.695,
    269.443,
    294.049,
    280.27,
    289.109,
    332.603,
    288.335,
    273.291,
    312.986,
    323.307,
    304.791,
    310.354,
    288.932,
    292.596,
    276.477,
    315.284,
    335.999,
    288.761,
    198.761,
    191.121,
    183.61,
    188.291,
    192.337,
    191.434,
    196.117,
    197.322,
    191.704,
    191.057,
    195.92,
    192.933,
    191.311,
    187.426,
    183.164,
    189.699,
    196.438,
    189.553,
    194.96,
    196.556,
    186.55,
    178.046,
    196.563,
    196.126,
    191.836,
    197.696,
    193.881,
    198.608,
    195.497,
    188.144,
    189.531,
    182.445,
    184.246,
    190.906,
    193.434,
    196.313,
    194.492,
    195.979,
    193.837,
    194.979,
    196.439,
    197.584,
    196.45,
    195.698,
    196.3,
    198.615,
    197.281,
    192.06,
    193.441,
    193.562,
    192.716,
    192.62,
    196.502,
    201.279,
    195.886,
    192.825,
    192.024,
    189.439,
    189.042,
    187.446,
    186.654,
    190.546,
    192.407,
    197.024,
    200.485,
    198.985,
    194.67,
    194.031,
    192.421,
    192.225,
    192.504,
    194.292,
    193.991,
    190.389,
    192.035,
    191.812,
    191.922,
    179.469,
    177.271,
    191.312,
    194.21,
    192.8,
    190.409,
    195.909,
    200.297,
    196.744,
    193.027,
    187.904,
    187.632,
    188.525,
    192.041,
    193.08,
    186.282,
    186.136,
    191.915,
    195.146,
    197.365,
    195.495,
    194.44,
    190.104,
    189.967,
    192.794,
    199.243,
    192.06,
    185.507,
    192.68,
    194.245,
    192.71,
    193.246,
    195.024,
    196.538,
    196.556,
    194.256,
    193.385,
    191.965,
    192.005,
    190.207,
    183.546,
    186.572,
    190.728,
    194.352,
    197.536,
    194.215,
    190.799,
    188.061,
    193.242,
    192.769,
    192.746,
    197.672,
    193.925,
    191.517,
    193.307,
    194.89,
    193.694,
    190.88,
    192.906,
    194.403,
    179.577,
    179.497,
    187.486,
    192.224,
    191.659,
    193.254,
    193.72,
    196.207,
    194.06,
    187.567,
    188.54,
    194.984,
    194.224,
    195.561,
    195.05,
    192.074,
    192.295,
    191.427,
    195.275,
    193.083,
    191.103,
    192.706,
    188.731,
    186.931,
    190.472,
    195.24,
    190.3,
    193.348,
    195.337,
    194.656,
    195.606,
    194.426,
    190.95,
    191.985,
    190.756,
    190.676,
    191.468,
    191.897,
    189.619,
    194.658,
    191.533,
    194.011,
    191.131,
    190.827,
    194.351,
    196.52,
    194.91,
    191.468,
    193.176,
    196.38,
    192.939,
    190.567,
    195.505,
    194.466,
    189.854,
    186.606,
