{
  "stage_id": "kd_olmo2_32b_to_1b_temp2",
  "stage_name": "kd_olmo2_32b_to_1b_temp2",
  "start_time": 1769367914.927571,
  "end_time": 1769368148.88863,
  "duration_seconds": 233.96105885505676,
  "tokens_processed": 0,
  "gpu_energy_joules": 29366.73859105026,
  "gpu_avg_power_watts": 125.51977125921414,
  "gpu_peak_power_watts": 126.469,
  "gpu_power_samples": [
    81.316,
    110.508,
    125.214,
    124.964,
    125.048,
    125.351,
    125.645,
    125.526,
    124.899,
    124.459,
    124.388,
    124.817,
    125.571,
    126.0,
    125.756,
    125.288,
    125.112,
    125.273,
    125.683,
    126.009,
    125.82,
    125.322,
    125.14,
    125.301,
    125.664,
    126.045,
    125.945,
    125.439,
    125.201,
    125.219,
    125.457,
    125.935,
    126.0,
    125.538,
    125.192,
    125.253,
    125.525,
    125.968,
    126.091,
    125.621,
    125.169,
    125.174,
    125.53,
    125.957,
    126.111,
    125.687,
    125.224,
    125.159,
    125.447,
    125.937,
    126.131,
    125.717,
    125.229,
    125.18,
    125.457,
    125.858,
    126.095,
    125.841,
    125.325,
    125.187,
    125.439,
    125.939,
    126.231,
    125.93,
    125.459,
    125.318,
    125.479,
    125.877,
    126.236,
    126.015,
    125.522,
    125.348,
    125.453,
    125.812,
    126.223,
    126.103,
    125.627,
    125.394,
    125.578,
    126.005,
    126.398,
    126.283,
    125.756,
    125.474,
    125.55,
    125.889,
    126.34,
    126.37,
    125.856,
    125.526,
    125.537,
    125.851,
    126.327,
    126.373,
    125.877,
    125.492,
    125.504,
    125.824,
    126.299,
    126.469,
    126.054,
    125.601,
    125.534,
    125.762,
    126.248,
    126.45,
    126.095,
    125.559,
    125.429,
    125.65,
    126.06,
    126.369,
    126.052,
    125.496,
    125.381,
    125.521,
    125.952,
    126.295,
    126.086,
    125.571,
    125.353,
    125.523,
    125.946,
    126.272,
    126.061,
    125.565,
    125.314,
    125.451,
    125.821,
    126.238,
    126.099,
    125.537,
    125.257,
    125.361,
    125.709,
    126.134,
    126.123,
    125.614,
    125.278,
    125.308,
    125.653,
    126.128,
    126.191,
    125.701,
    125.297,
    125.343,
    125.612,
    126.111,
    126.254,
    125.787,
    125.36,
    125.395,
    125.676,
    126.137,
    126.334,
    125.875,
    125.359,
    125.257,
    125.54,
    126.05,
    126.282,
    125.81,
    125.285,
    125.188,
    125.37,
    125.904,
    126.142,
    125.769,
    125.277,
    125.103,
    125.289,
    125.775,
    126.082,
    125.735,
    125.218,
    125.035,
    125.222,
    125.661,
    125.986,
    125.72,
    125.188,
    125.02,
    125.119,
    125.496,
    125.961,
    125.872,
    125.342,
    125.06,
    125.108,
    125.409,
    125.851,
    125.851,
    125.313,
    124.992,
    125.048,
    125.305,
    125.764,
    125.923,
    125.438,
    124.992,
    124.962,
    125.193,
    125.68,
    125.878,
    125.439,
    124.969,
    124.912,
    125.177,
    125.665,
    125.913,
    125.556,
    125.017,
    124.943,
    125.189,
    125.647,
    125.935,
    125.571,
    125.027,
    124.958,
    125.243,
    125.708,
    125.975,
    125.613,
    125.115,
    125.012,
    125.261,
    125.715,
    125.895,
    125.506,
    125.009,
    124.952,
    125.209,
    125.706,
    125.914,
    125.515,
    125.061,
    124.935,
    125.15,
    125.565,
    125.784,
    125.444,
    124.971,
    124.895,
    125.15,
    125.636,
    125.873,
    125.482,
    125.017,
    124.958,
    125.191,
    125.658,
    125.926,
    125.525,
    125.071,
    124.975,
    125.139,
    125.625,
    125.946,
    125.587,
    125.062,
    124.983,
    125.267,
    125.721,
    125.982,
    125.585,
    125.097,
    125.005,
    125.312,
    125.786,
    125.927,
    125.569,
    125.261,
    125.201,
    125.441,
    125.992,
    126.264,
    125.822,
    125.339,
    125.285,
    125.523,
    125.979,
    126.212,
    125.782,
    125.278,
    125.26,
    125.499,
    125.939,
    126.187,
    125.884,
    125.43,
    125.338,
    125.585,
    126.047,
    126.287,
    125.907,
    125.431,
    125.36,
    125.627,
    126.065,
    126.333,
    125.984,
    125.546,
    125.489,
    125.69,
    126.204,
    126.425,
    125.981,
    125.5,
    125.38,
    125.59,
    125.987,
    126.17,
    125.739,
    125.296,
    125.24,
    125.445,
    125.931,
    126.145,
    125.734,
    125.287,
    125.206,
    125.475,
    125.916,
    126.151,
    125.749,
    125.335,
    125.303,
    125.523,
    125.999,
    126.23,
    125.8,
    125.365,
    125.345,
    125.679,
    126.137,
    126.266,
    125.816,
    125.394,
    125.355,
    125.58,
    126.08,
    126.252,
    125.762,
    125.29,
    125.29,
    125.618,
    126.077,
    126.194,
    125.695,
    125.271,
    125.314,
    125.673,
    126.112,
    126.191,
    125.722,
    125.353,
    125.346,
    125.661,
    126.168,
    126.205,
    125.666,
    125.364,
    125.43,
    125.708,
    126.142,
    126.219,
    125.732,
    125.33,
    125.361,
    125.687,
    126.159,
    126.217,
    125.756,
    125.342,
    125.338,
    125.661,
    126.155,
    126.192,
    125.621,
    125.235,
    125.261,
    125.591,
    126.084,
    126.177,
    125.635,
    125.224,
    125.282,
    125.589,
    125.996,
    126.137,
    125.648,
    125.257,
    125.225,
    125.523,
    125.978,
    126.165,
    125.723,
    125.24,
    125.263,
    125.517,
    125.96,
    126.191,
    125.749,
    125.251,
    125.188,
    125.478,
    125.914,
    126.081,
    125.596,
    125.123,
    125.089,
    125.315,
    125.775,
    126.011,
    125.634,
    125.147,
    125.053,
    125.274,
    125.698,
    125.922,
    125.552,
    125.092,
    125.014,
    125.216,
    125.672,
    125.959,
    125.54,
    125.018,
    124.953,
    125.158,
    125.642,
    125.93,
    125.552,
    125.05,
    124.933,
    125.197,
    125.72,
    125.988,
    125.639,
    125.179,
    125.068,
    125.321,
    125.809,
    126.058,
    125.658,
    125.185,
    125.126,
    125.355,
    125.766,
    126.041,
    125.704,
    125.208,
    125.104,
    125.329,
    125.711,
    125.972,
    125.674,
    125.134,
    125.026,
    125.243,
    125.644,
    125.904,
    125.584,
    125.138,
    124.979,
    125.22,
    125.649,
    125.978
  ],
  "total_codecarbon_energy_kwh": 0.009218013049266767,
  "codecarbon_emissions_kg": 0.001567458592936469,
  "codecarbon_cpu_energy_kwh": 0.0004041080117935361,
  "codecarbon_gpu_energy_kwh": 0.008183757380336942,
  "codecarbon_ram_energy_kwh": 0.0006301476571362907,
  "cpu_energy_joules": 1454.78884245673,
  "total_energy_joules": 30821.52743350699,
  "total_energy_kwh": 0.008561535398196386,
  "joules_per_token": 0.0,
  "kwh_total": 0.008561535398196386,
  "tokens_per_second": 0.0,
  "nvml_poll_interval_ms": 500
}
